question_id,mu,sigma,se_before,se_mean,se_std,delta_se,question,answer_1,answer_2,answer_3,answer_4,answer_5,answer_6,answer_7,answer_8,answer_9,answer_10
sfq_1377--91/91_1497797.txt#0_1,0.0,0.5,-4.44e-16,1.908472468,0.034470744,-0.018188491,,,,,,,,,,,
sfq_1377--91/91_1497797.txt#0_1,0.0,1.0,-4.44e-16,1.863611878,0.076702958,-0.063049081,,,,,,,,,,,
sfq_1377--91/91_1497797.txt#0_1,0.0,2.0,-4.44e-16,1.695726757,0.160308094,-0.230934202,,,,,,,,,,,
sfq_1377--91/91_1497797.txt#0_1,0.5,0.5,-4.44e-16,1.910904305,0.033320059,-0.015756654,,,,,,,,,,,
sfq_1377--91/91_1497797.txt#0_1,0.5,1.0,-4.44e-16,1.865541032,0.068568151,-0.061119927,,,,,,,,,,,
sfq_1377--91/91_1497797.txt#0_1,0.5,2.0,-4.44e-16,1.698381644,0.161184081,-0.228279315,,,,,,,,,,,
sfq_1377--91/91_1497797.txt#0_1,1.0,0.5,-4.44e-16,1.91347611,0.03421432,-0.013184849,,,,,,,,,,,
sfq_1377--91/91_1497797.txt#0_1,1.0,1.0,-4.44e-16,1.869053104,0.071846521,-0.057607856,,,,,,,,,,,
sfq_1377--91/91_1497797.txt#0_1,1.0,2.0,-4.44e-16,1.675828071,0.152716535,-0.250832888,,,,,,,,,,,
sfq_1377--91/91_1497797.txt#0_1,2.0,0.5,-4.44e-16,1.916845705,0.037924345,-0.009815254,,,,,,,,,,,
sfq_1377--91/91_1497797.txt#0_1,2.0,1.0,-4.44e-16,1.879520693,0.081223344,-0.047140266,,,,,,,,,,,
sfq_1377--91/91_1497797.txt#0_1,2.0,2.0,-4.44e-16,1.719709879,0.172373199,-0.20695108,,,,,,,,,,,
wh_4269--173/173_235742.txt#0_0,0.0,0.5,-2.22e-16,1.46490677,0.025824288,-0.001307126,,,,,,,,,,,
wh_4269--173/173_235742.txt#0_0,0.0,1.0,-2.22e-16,1.455049512,0.052047781,-0.011164385,,,,,,,,,,,
wh_4269--173/173_235742.txt#0_0,0.0,2.0,-2.22e-16,1.402142581,0.106016822,-0.064071316,,,,,,,,,,,
wh_4269--173/173_235742.txt#0_0,0.5,0.5,-2.22e-16,1.464613998,0.024963439,-0.001599898,,,,,,,,,,,
wh_4269--173/173_235742.txt#0_0,0.5,1.0,-2.22e-16,1.459020364,0.048211517,-0.007193532,,,,,,,,,,,
wh_4269--173/173_235742.txt#0_0,0.5,2.0,-2.22e-16,1.405931039,0.097658588,-0.060282857,,,,,,,,,,,
wh_4269--173/173_235742.txt#0_0,1.0,0.5,-2.22e-16,1.462656593,0.028977021,-0.003557304,,,,,,,,,,,
wh_4269--173/173_235742.txt#0_0,1.0,1.0,-2.22e-16,1.456505615,0.053860826,-0.009708282,,,,,,,,,,,
wh_4269--173/173_235742.txt#0_0,1.0,2.0,-2.22e-16,1.411300335,0.101316823,-0.054913562,,,,,,,,,,,
wh_4269--173/173_235742.txt#0_0,2.0,0.5,-2.22e-16,1.466823309,0.024476257,0.000609413,,,,,,,,,,,
wh_4269--173/173_235742.txt#0_0,2.0,1.0,-2.22e-16,1.459581585,0.050742911,-0.006632312,,,,,,,,,,,
wh_4269--173/173_235742.txt#0_0,2.0,2.0,-2.22e-16,1.40449029,0.108191946,-0.061723606,,,,,,,,,,,
sfq_15401--88/88_1813633.txt#0_1,0.0,0.5,-2.22e-16,1.810617034,0.046575609,-0.01730231,,,,,,,,,,,
sfq_15401--88/88_1813633.txt#0_1,0.0,1.0,-2.22e-16,1.76201618,0.099587818,-0.065903164,,,,,,,,,,,
sfq_15401--88/88_1813633.txt#0_1,0.0,2.0,-2.22e-16,1.546548216,0.230366536,-0.281371128,,,,,,,,,,,
sfq_15401--88/88_1813633.txt#0_1,0.5,0.5,-2.22e-16,1.810955777,0.043500167,-0.016963567,,,,,,,,,,,
sfq_15401--88/88_1813633.txt#0_1,0.5,1.0,-2.22e-16,1.761562488,0.090884128,-0.066356856,,,,,,,,,,,
sfq_15401--88/88_1813633.txt#0_1,0.5,2.0,-2.22e-16,1.575374294,0.213409342,-0.25254505,,,,,,,,,,,
sfq_15401--88/88_1813633.txt#0_1,1.0,0.5,-2.22e-16,1.810599541,0.045638137,-0.017319803,,,,,,,,,,,
sfq_15401--88/88_1813633.txt#0_1,1.0,1.0,-2.22e-16,1.76164429,0.093523303,-0.066275054,,,,,,,,,,,
sfq_15401--88/88_1813633.txt#0_1,1.0,2.0,-2.22e-16,1.564390438,0.205828166,-0.263528906,,,,,,,,,,,
sfq_15401--88/88_1813633.txt#0_1,2.0,0.5,-2.22e-16,1.800618291,0.047503566,-0.027301053,,,,,,,,,,,
sfq_15401--88/88_1813633.txt#0_1,2.0,1.0,-2.22e-16,1.737910893,0.102649135,-0.090008451,,,,,,,,,,,
sfq_15401--88/88_1813633.txt#0_1,2.0,2.0,-2.22e-16,1.515514017,0.222901102,-0.312405327,,,,,,,,,,,
sfq_3917--169/169_1555303.txt#0_0,0.0,0.5,-2.22e-16,0.007411978,0.003532194,0.001083528,,,,,,,,,,,
sfq_3917--169/169_1555303.txt#0_0,0.0,1.0,-2.22e-16,0.010158568,0.011093865,0.003830118,,,,,,,,,,,
sfq_3917--169/169_1555303.txt#0_0,0.0,2.0,-2.22e-16,0.017989796,0.037209697,0.011661346,,,,,,,,,,,
sfq_3917--169/169_1555303.txt#0_0,0.5,0.5,-2.22e-16,0.007281609,0.004173339,0.000953159,,,,,,,,,,,
sfq_3917--169/169_1555303.txt#0_0,0.5,1.0,-2.22e-16,0.009884913,0.012237917,0.003556464,,,,,,,,,,,
sfq_3917--169/169_1555303.txt#0_0,0.5,2.0,-2.22e-16,0.018609385,0.041745157,0.012280935,,,,,,,,,,,
sfq_3917--169/169_1555303.txt#0_0,1.0,0.5,-2.22e-16,0.007046983,0.00372178,0.000718534,,,,,,,,,,,
sfq_3917--169/169_1555303.txt#0_0,1.0,1.0,-2.22e-16,0.008931719,0.009179903,0.002603269,,,,,,,,,,,
sfq_3917--169/169_1555303.txt#0_0,1.0,2.0,-2.22e-16,0.013874954,0.025561642,0.007546505,,,,,,,,,,,
sfq_3917--169/169_1555303.txt#0_0,2.0,0.5,-2.22e-16,0.007750968,0.004531709,0.001422518,,,,,,,,,,,
sfq_3917--169/169_1555303.txt#0_0,2.0,1.0,-2.22e-16,0.011688766,0.014340737,0.005360316,,,,,,,,,,,
sfq_3917--169/169_1555303.txt#0_0,2.0,2.0,-2.22e-16,0.031217854,0.063559804,0.024889404,,,,,,,,,,,
wh_2414--73/73_48566.txt#0_0,0.0,0.5,-2.22e-16,2.037827774,0.028282829,-0.011697695,,,,,,,,,,,
wh_2414--73/73_48566.txt#0_0,0.0,1.0,-2.22e-16,1.997317998,0.060136182,-0.052207471,,,,,,,,,,,
wh_2414--73/73_48566.txt#0_0,0.0,2.0,-2.22e-16,1.819794086,0.138306311,-0.229731383,,,,,,,,,,,
wh_2414--73/73_48566.txt#0_0,0.5,0.5,-2.22e-16,2.035125151,0.029722524,-0.014400318,,,,,,,,,,,
wh_2414--73/73_48566.txt#0_0,0.5,1.0,-2.22e-16,1.992873375,0.059534829,-0.056652094,,,,,,,,,,,
wh_2414--73/73_48566.txt#0_0,0.5,2.0,-2.22e-16,1.800477414,0.13894436,-0.249048055,,,,,,,,,,,
wh_2414--73/73_48566.txt#0_0,1.0,0.5,-2.22e-16,2.037617224,0.027931899,-0.011908245,,,,,,,,,,,
wh_2414--73/73_48566.txt#0_0,1.0,1.0,-2.22e-16,1.995709055,0.057107429,-0.053816414,,,,,,,,,,,
wh_2414--73/73_48566.txt#0_0,1.0,2.0,-2.22e-16,1.815753825,0.143869544,-0.233771644,,,,,,,,,,,
wh_2414--73/73_48566.txt#0_0,2.0,0.5,-2.22e-16,2.034030327,0.032177878,-0.015495142,,,,,,,,,,,
wh_2414--73/73_48566.txt#0_0,2.0,1.0,-2.22e-16,1.992742089,0.063122244,-0.056783379,,,,,,,,,,,
wh_2414--73/73_48566.txt#0_0,2.0,2.0,-2.22e-16,1.825286831,0.13527767,-0.224238638,,,,,,,,,,,
sfq_11783--191/191_1732943.txt#0_1,0.0,0.5,-2.22e-16,1.284184688,0.078747829,-0.016188626,,,,,,,,,,,
sfq_11783--191/191_1732943.txt#0_1,0.0,1.0,-2.22e-16,1.237232867,0.14448571,-0.063140447,,,,,,,,,,,
sfq_11783--191/191_1732943.txt#0_1,0.0,2.0,-2.22e-16,1.106697451,0.236476502,-0.193675863,,,,,,,,,,,
sfq_11783--191/191_1732943.txt#0_1,0.5,0.5,-2.22e-16,1.277802836,0.092046854,-0.022570479,,,,,,,,,,,
sfq_11783--191/191_1732943.txt#0_1,0.5,1.0,-2.22e-16,1.228955786,0.170398089,-0.071417529,,,,,,,,,,,
sfq_11783--191/191_1732943.txt#0_1,0.5,2.0,-2.22e-16,1.085580797,0.261262737,-0.214792517,,,,,,,,,,,
sfq_11783--191/191_1732943.txt#0_1,1.0,0.5,-2.22e-16,1.278991979,0.086130526,-0.021381335,,,,,,,,,,,
sfq_11783--191/191_1732943.txt#0_1,1.0,1.0,-2.22e-16,1.228275389,0.157148263,-0.072097925,,,,,,,,,,,
sfq_11783--191/191_1732943.txt#0_1,1.0,2.0,-2.22e-16,1.077645279,0.282143457,-0.222728035,,,,,,,,,,,
sfq_11783--191/191_1732943.txt#0_1,2.0,0.5,-2.22e-16,1.289978501,0.087600173,-0.010394813,,,,,,,,,,,
sfq_11783--191/191_1732943.txt#0_1,2.0,1.0,-2.22e-16,1.245617634,0.155981556,-0.054755681,,,,,,,,,,,
sfq_11783--191/191_1732943.txt#0_1,2.0,2.0,-2.22e-16,1.07416375,0.251956744,-0.226209564,,,,,,,,,,,
qg_2887--Lacrosse.txt#0_0,0.0,0.5,-2.22e-16,0.092157159,0.019306246,0.002304506,,,,,,,,,,,
qg_2887--Lacrosse.txt#0_0,0.0,1.0,-2.22e-16,0.100619731,0.041689963,0.010767078,,,,,,,,,,,
qg_2887--Lacrosse.txt#0_0,0.0,2.0,-2.22e-16,0.119338195,0.088221936,0.029485542,,,,,,,,,,,
qg_2887--Lacrosse.txt#0_0,0.5,0.5,-2.22e-16,0.093859276,0.022889997,0.004006623,,,,,,,,,,,
qg_2887--Lacrosse.txt#0_0,0.5,1.0,-2.22e-16,0.102228902,0.048010964,0.012376249,,,,,,,,,,,
qg_2887--Lacrosse.txt#0_0,0.5,2.0,-2.22e-16,0.130125457,0.109127169,0.040272804,,,,,,,,,,,
qg_2887--Lacrosse.txt#0_0,1.0,0.5,-2.22e-16,0.094005958,0.019436713,0.004153305,,,,,,,,,,,
qg_2887--Lacrosse.txt#0_0,1.0,1.0,-2.22e-16,0.10082438,0.04079799,0.010971727,,,,,,,,,,,
qg_2887--Lacrosse.txt#0_0,1.0,2.0,-2.22e-16,0.133369182,0.095040565,0.043516529,,,,,,,,,,,
qg_2887--Lacrosse.txt#0_0,2.0,0.5,-2.22e-16,0.089559755,0.023508107,-0.000292898,,,,,,,,,,,
qg_2887--Lacrosse.txt#0_0,2.0,1.0,-2.22e-16,0.097079796,0.049903945,0.007227143,,,,,,,,,,,
qg_2887--Lacrosse.txt#0_0,2.0,2.0,-2.22e-16,0.128683787,0.118546827,0.038831134,,,,,,,,,,,
sfq_16267--E._L._James.txt#0_2,0.0,0.5,-2.22e-16,0.58462324,0.029837025,-0.00724954,,,,,,,,,,,
sfq_16267--E._L._James.txt#0_2,0.0,1.0,-2.22e-16,0.570014872,0.056967346,-0.021857908,,,,,,,,,,,
sfq_16267--E._L._James.txt#0_2,0.0,2.0,-2.22e-16,0.542546435,0.115508863,-0.049326345,,,,,,,,,,,
sfq_16267--E._L._James.txt#0_2,0.5,0.5,-2.22e-16,0.589067734,0.035494273,-0.002805046,,,,,,,,,,,
sfq_16267--E._L._James.txt#0_2,0.5,1.0,-2.22e-16,0.580544598,0.070419725,-0.011328182,,,,,,,,,,,
sfq_16267--E._L._James.txt#0_2,0.5,2.0,-2.22e-16,0.545105091,0.136636952,-0.046767689,,,,,,,,,,,
sfq_16267--E._L._James.txt#0_2,1.0,0.5,-2.22e-16,0.59195861,0.032590305,8.58298e-05,,,,,,,,,,,
sfq_16267--E._L._James.txt#0_2,1.0,1.0,-2.22e-16,0.584656499,0.066697689,-0.007216281,,,,,,,,,,,
sfq_16267--E._L._James.txt#0_2,1.0,2.0,-2.22e-16,0.565494976,0.141301785,-0.026377804,,,,,,,,,,,
sfq_16267--E._L._James.txt#0_2,2.0,0.5,-2.22e-16,0.585618447,0.033509734,-0.006254333,,,,,,,,,,,
sfq_16267--E._L._James.txt#0_2,2.0,1.0,-2.22e-16,0.575863849,0.071243681,-0.016008931,,,,,,,,,,,
sfq_16267--E._L._James.txt#0_2,2.0,2.0,-2.22e-16,0.550376128,0.140013125,-0.041496652,,,,,,,,,,,
jp_2940--195/195_1424532.txt#0_1,0.0,0.5,-2.22e-16,0.489159425,0.080265617,-0.000746468,,,,,,,,,,,
jp_2940--195/195_1424532.txt#0_1,0.0,1.0,-2.22e-16,0.486322196,0.150425007,-0.003583697,,,,,,,,,,,
jp_2940--195/195_1424532.txt#0_1,0.0,2.0,-2.22e-16,0.427898307,0.236519127,-0.062007586,,,,,,,,,,,
jp_2940--195/195_1424532.txt#0_1,0.5,0.5,-2.22e-16,0.478007332,0.07803446,-0.011898561,,,,,,,,,,,
jp_2940--195/195_1424532.txt#0_1,0.5,1.0,-2.22e-16,0.463215482,0.148821829,-0.026690411,,,,,,,,,,,
jp_2940--195/195_1424532.txt#0_1,0.5,2.0,-2.22e-16,0.398289566,0.222173314,-0.091616327,,,,,,,,,,,
jp_2940--195/195_1424532.txt#0_1,1.0,0.5,-2.22e-16,0.487290013,0.075609524,-0.00261588,,,,,,,,,,,
jp_2940--195/195_1424532.txt#0_1,1.0,1.0,-2.22e-16,0.480968085,0.139462492,-0.008937808,,,,,,,,,,,
jp_2940--195/195_1424532.txt#0_1,1.0,2.0,-2.22e-16,0.435410864,0.235002633,-0.054495029,,,,,,,,,,,
jp_2940--195/195_1424532.txt#0_1,2.0,0.5,-2.22e-16,0.488326735,0.079854015,-0.001579158,,,,,,,,,,,
jp_2940--195/195_1424532.txt#0_1,2.0,1.0,-2.22e-16,0.479368753,0.14321833,-0.01053714,,,,,,,,,,,
jp_2940--195/195_1424532.txt#0_1,2.0,2.0,-2.22e-16,0.428244062,0.224963868,-0.061661831,,,,,,,,,,,
qb_5499--156/156_419027.txt#0_0,0.0,0.5,-2.22e-16,1.44076155,0.037415222,-0.013634579,,,,,,,,,,,
qb_5499--156/156_419027.txt#0_0,0.0,1.0,-2.22e-16,1.407240971,0.081312789,-0.047155158,,,,,,,,,,,
qb_5499--156/156_419027.txt#0_0,0.0,2.0,-2.22e-16,1.287606264,0.177881313,-0.166789864,,,,,,,,,,,
qb_5499--156/156_419027.txt#0_0,0.5,0.5,-2.22e-16,1.444057255,0.045554422,-0.010338874,,,,,,,,,,,
qb_5499--156/156_419027.txt#0_0,0.5,1.0,-2.22e-16,1.408268905,0.091790237,-0.046127223,,,,,,,,,,,
qb_5499--156/156_419027.txt#0_0,0.5,2.0,-2.22e-16,1.283694345,0.18873855,-0.170701783,,,,,,,,,,,
qb_5499--156/156_419027.txt#0_0,1.0,0.5,-2.22e-16,1.439169366,0.045216873,-0.015226762,,,,,,,,,,,
qb_5499--156/156_419027.txt#0_0,1.0,1.0,-2.22e-16,1.400828984,0.090610919,-0.053567144,,,,,,,,,,,
qb_5499--156/156_419027.txt#0_0,1.0,2.0,-2.22e-16,1.248379338,0.171516965,-0.20601679,,,,,,,,,,,
qb_5499--156/156_419027.txt#0_0,2.0,0.5,-2.22e-16,1.438781187,0.04656186,-0.015614942,,,,,,,,,,,
qb_5499--156/156_419027.txt#0_0,2.0,1.0,-2.22e-16,1.397696066,0.092762485,-0.056700063,,,,,,,,,,,
qb_5499--156/156_419027.txt#0_0,2.0,2.0,-2.22e-16,1.275543917,0.182956247,-0.178852212,,,,,,,,,,,
sfq_9644--123/123_186355.txt#0_2,0.0,0.5,-2.22e-16,-6.55e-17,1.47e-16,1.57e-16,,,,,,,,,,,
sfq_9644--123/123_186355.txt#0_2,0.0,1.0,-2.22e-16,-5.33e-17,1.33e-16,1.69e-16,,,,,,,,,,,
sfq_9644--123/123_186355.txt#0_2,0.0,2.0,-2.22e-16,-4e-17,1.44e-16,1.82e-16,,,,,,,,,,,
sfq_9644--123/123_186355.txt#0_2,0.5,0.5,-2.22e-16,-7.77e-17,1.38e-16,1.44e-16,,,,,,,,,,,
sfq_9644--123/123_186355.txt#0_2,0.5,1.0,-2.22e-16,-3.22e-17,1.32e-16,1.9e-16,,,,,,,,,,,
sfq_9644--123/123_186355.txt#0_2,0.5,2.0,-2.22e-16,-1.89e-17,1.55e-16,2.03e-16,,,,,,,,,,,
sfq_9644--123/123_186355.txt#0_2,1.0,0.5,-2.22e-16,-4.11e-17,1.3e-16,1.81e-16,,,,,,,,,,,
sfq_9644--123/123_186355.txt#0_2,1.0,1.0,-2.22e-16,-2.78e-17,1.35e-16,1.94e-16,,,,,,,,,,,
sfq_9644--123/123_186355.txt#0_2,1.0,2.0,-2.22e-16,-2e-17,1.48e-16,2.02e-16,,,,,,,,,,,
sfq_9644--123/123_186355.txt#0_2,2.0,0.5,-2.22e-16,-8.44e-17,1.55e-16,1.38e-16,,,,,,,,,,,
sfq_9644--123/123_186355.txt#0_2,2.0,1.0,-2.22e-16,-5.55e-17,1.37e-16,1.67e-16,,,,,,,,,,,
sfq_9644--123/123_186355.txt#0_2,2.0,2.0,-2.22e-16,-3.55e-17,1.46e-16,1.87e-16,,,,,,,,,,,
qb_637--10/10_282457.txt#0_0,0.0,0.5,-2.22e-16,2.110862658,0.03087048,-0.027357754,,,,,,,,,,,
qb_637--10/10_282457.txt#0_0,0.0,1.0,-2.22e-16,2.033324498,0.069266116,-0.104895914,,,,,,,,,,,
qb_637--10/10_282457.txt#0_0,0.0,2.0,-2.22e-16,1.772869661,0.196930904,-0.365350751,,,,,,,,,,,
qb_637--10/10_282457.txt#0_0,0.5,0.5,-2.22e-16,2.112636292,0.031460564,-0.02558412,,,,,,,,,,,
qb_637--10/10_282457.txt#0_0,0.5,1.0,-2.22e-16,2.042337141,0.074077042,-0.095883271,,,,,,,,,,,
qb_637--10/10_282457.txt#0_0,0.5,2.0,-2.22e-16,1.80963653,0.201094878,-0.328583882,,,,,,,,,,,
qb_637--10/10_282457.txt#0_0,1.0,0.5,-2.22e-16,2.111035407,0.030860662,-0.027185005,,,,,,,,,,,
qb_637--10/10_282457.txt#0_0,1.0,1.0,-2.22e-16,2.03607331,0.071427804,-0.102147102,,,,,,,,,,,
qb_637--10/10_282457.txt#0_0,1.0,2.0,-2.22e-16,1.781811835,0.190306106,-0.356408577,,,,,,,,,,,
qb_637--10/10_282457.txt#0_0,2.0,0.5,-2.22e-16,2.10918306,0.030313275,-0.029037352,,,,,,,,,,,
qb_637--10/10_282457.txt#0_0,2.0,1.0,-2.22e-16,2.036059342,0.068331758,-0.10216107,,,,,,,,,,,
qb_637--10/10_282457.txt#0_0,2.0,2.0,-2.22e-16,1.79089718,0.181289979,-0.347323231,,,,,,,,,,,
qw_11443--84/84_2975478.txt#0_0,0.0,0.5,-2.22e-16,0.103078517,0.015187731,-0.0012751,,,,,,,,,,,
qw_11443--84/84_2975478.txt#0_0,0.0,1.0,-2.22e-16,0.104445731,0.031747751,9.21142e-05,,,,,,,,,,,
qw_11443--84/84_2975478.txt#0_0,0.0,2.0,-2.22e-16,0.101638941,0.062265262,-0.002714676,,,,,,,,,,,
qw_11443--84/84_2975478.txt#0_0,0.5,0.5,-2.22e-16,0.104695035,0.015447194,0.000341418,,,,,,,,,,,
qw_11443--84/84_2975478.txt#0_0,0.5,1.0,-2.22e-16,0.107027654,0.031696551,0.002674037,,,,,,,,,,,
qw_11443--84/84_2975478.txt#0_0,0.5,2.0,-2.22e-16,0.113613068,0.071884091,0.009259451,,,,,,,,,,,
qw_11443--84/84_2975478.txt#0_0,1.0,0.5,-2.22e-16,0.104493471,0.016591481,0.000139854,,,,,,,,,,,
qw_11443--84/84_2975478.txt#0_0,1.0,1.0,-2.22e-16,0.106796683,0.037741234,0.002443066,,,,,,,,,,,
qw_11443--84/84_2975478.txt#0_0,1.0,2.0,-2.22e-16,0.108492797,0.092036162,0.00413918,,,,,,,,,,,
qw_11443--84/84_2975478.txt#0_0,2.0,0.5,-2.22e-16,0.105925044,0.017051283,0.001571427,,,,,,,,,,,
qw_11443--84/84_2975478.txt#0_0,2.0,1.0,-2.22e-16,0.110298803,0.038792774,0.005945186,,,,,,,,,,,
qw_11443--84/84_2975478.txt#0_0,2.0,2.0,-2.22e-16,0.114620379,0.092905828,0.010266762,,,,,,,,,,,
jp_742--32/32_1368333.txt#0_2,0.0,0.5,-2.22e-16,1.323700143,0.046734271,-0.008480026,,,,,,,,,,,
jp_742--32/32_1368333.txt#0_2,0.0,1.0,-2.22e-16,1.293077159,0.092547726,-0.03910301,,,,,,,,,,,
jp_742--32/32_1368333.txt#0_2,0.0,2.0,-2.22e-16,1.145398508,0.177049186,-0.186781661,,,,,,,,,,,
jp_742--32/32_1368333.txt#0_2,0.5,0.5,-2.22e-16,1.320478443,0.049117908,-0.011701726,,,,,,,,,,,
jp_742--32/32_1368333.txt#0_2,0.5,1.0,-2.22e-16,1.285711263,0.098179543,-0.046468906,,,,,,,,,,,
jp_742--32/32_1368333.txt#0_2,0.5,2.0,-2.22e-16,1.136316352,0.194282261,-0.195863817,,,,,,,,,,,
jp_742--32/32_1368333.txt#0_2,1.0,0.5,-2.22e-16,1.321049929,0.048601662,-0.011130241,,,,,,,,,,,
jp_742--32/32_1368333.txt#0_2,1.0,1.0,-2.22e-16,1.285639928,0.10101334,-0.046540241,,,,,,,,,,,
jp_742--32/32_1368333.txt#0_2,1.0,2.0,-2.22e-16,1.136061786,0.202992967,-0.196118383,,,,,,,,,,,
jp_742--32/32_1368333.txt#0_2,2.0,0.5,-2.22e-16,1.323047778,0.050672588,-0.009132391,,,,,,,,,,,
jp_742--32/32_1368333.txt#0_2,2.0,1.0,-2.22e-16,1.287219118,0.101877262,-0.044961052,,,,,,,,,,,
jp_742--32/32_1368333.txt#0_2,2.0,2.0,-2.22e-16,1.15318459,0.207571761,-0.178995579,,,,,,,,,,,
wh_3212--72/72_800524.txt#0_2,0.0,0.5,-2.22e-16,1.295951028,0.020585858,-0.005287328,,,,,,,,,,,
wh_3212--72/72_800524.txt#0_2,0.0,1.0,-2.22e-16,1.284995035,0.04578769,-0.016243321,,,,,,,,,,,
wh_3212--72/72_800524.txt#0_2,0.0,2.0,-2.22e-16,1.215942167,0.103257033,-0.085296189,,,,,,,,,,,
wh_3212--72/72_800524.txt#0_2,0.5,0.5,-2.22e-16,1.297308131,0.023067875,-0.003930225,,,,,,,,,,,
wh_3212--72/72_800524.txt#0_2,0.5,1.0,-2.22e-16,1.28378925,0.046731136,-0.017449106,,,,,,,,,,,
wh_3212--72/72_800524.txt#0_2,0.5,2.0,-2.22e-16,1.203289099,0.110849149,-0.097949257,,,,,,,,,,,
wh_3212--72/72_800524.txt#0_2,1.0,0.5,-2.22e-16,1.296036986,0.023814044,-0.00520137,,,,,,,,,,,
wh_3212--72/72_800524.txt#0_2,1.0,1.0,-2.22e-16,1.282048545,0.049666454,-0.019189811,,,,,,,,,,,
wh_3212--72/72_800524.txt#0_2,1.0,2.0,-2.22e-16,1.209323811,0.0951595,-0.091914545,,,,,,,,,,,
wh_3212--72/72_800524.txt#0_2,2.0,0.5,-2.22e-16,1.294272416,0.020607352,-0.00696594,,,,,,,,,,,
wh_3212--72/72_800524.txt#0_2,2.0,1.0,-2.22e-16,1.276482516,0.043443424,-0.02475584,,,,,,,,,,,
wh_3212--72/72_800524.txt#0_2,2.0,2.0,-2.22e-16,1.20170785,0.099467934,-0.099530507,,,,,,,,,,,
qb_1502--134/134_2618044.txt#0_0,0.0,0.5,-2.22e-16,1.491901571,0.105100442,-0.017477649,,,,,,,,,,,
qb_1502--134/134_2618044.txt#0_0,0.0,1.0,-2.22e-16,1.435036395,0.186569211,-0.074342824,,,,,,,,,,,
qb_1502--134/134_2618044.txt#0_0,0.0,2.0,-2.22e-16,1.224434969,0.285905293,-0.284944251,,,,,,,,,,,
qb_1502--134/134_2618044.txt#0_0,0.5,0.5,-2.22e-16,1.494975103,0.099868524,-0.014404117,,,,,,,,,,,
qb_1502--134/134_2618044.txt#0_0,0.5,1.0,-2.22e-16,1.444340566,0.18348316,-0.065038654,,,,,,,,,,,
qb_1502--134/134_2618044.txt#0_0,0.5,2.0,-2.22e-16,1.262669685,0.276890084,-0.246709535,,,,,,,,,,,
qb_1502--134/134_2618044.txt#0_0,1.0,0.5,-2.22e-16,1.504816955,0.094850467,-0.004562265,,,,,,,,,,,
qb_1502--134/134_2618044.txt#0_0,1.0,1.0,-2.22e-16,1.454934347,0.170303054,-0.054444873,,,,,,,,,,,
qb_1502--134/134_2618044.txt#0_0,1.0,2.0,-2.22e-16,1.262616209,0.272255489,-0.246763011,,,,,,,,,,,
qb_1502--134/134_2618044.txt#0_0,2.0,0.5,-2.22e-16,1.487948317,0.082092181,-0.021430902,,,,,,,,,,,
qb_1502--134/134_2618044.txt#0_0,2.0,1.0,-2.22e-16,1.42822429,0.142780578,-0.08115493,,,,,,,,,,,
qb_1502--134/134_2618044.txt#0_0,2.0,2.0,-2.22e-16,1.249728275,0.244197009,-0.259650945,,,,,,,,,,,
qb_2774--81/81_303935.txt#0_0,0.0,0.5,-2.22e-16,0.920086061,0.020053601,-0.008460162,,,,,,,,,,,
qb_2774--81/81_303935.txt#0_0,0.0,1.0,-2.22e-16,0.899577554,0.041294108,-0.028968669,,,,,,,,,,,
qb_2774--81/81_303935.txt#0_0,0.0,2.0,-2.22e-16,0.823582244,0.096408813,-0.104963979,,,,,,,,,,,
qb_2774--81/81_303935.txt#0_0,0.5,0.5,-2.22e-16,0.926909387,0.018900472,-0.001636836,,,,,,,,,,,
qb_2774--81/81_303935.txt#0_0,0.5,1.0,-2.22e-16,0.913021918,0.040813032,-0.015524305,,,,,,,,,,,
qb_2774--81/81_303935.txt#0_0,0.5,2.0,-2.22e-16,0.847956113,0.103918819,-0.08059011,,,,,,,,,,,
qb_2774--81/81_303935.txt#0_0,1.0,0.5,-2.22e-16,0.92017192,0.020115287,-0.008374303,,,,,,,,,,,
qb_2774--81/81_303935.txt#0_0,1.0,1.0,-2.22e-16,0.899414432,0.045826819,-0.029131791,,,,,,,,,,,
qb_2774--81/81_303935.txt#0_0,1.0,2.0,-2.22e-16,0.811982451,0.120928292,-0.116563772,,,,,,,,,,,
qb_2774--81/81_303935.txt#0_0,2.0,0.5,-2.22e-16,0.924085179,0.017733033,-0.004461044,,,,,,,,,,,
qb_2774--81/81_303935.txt#0_0,2.0,1.0,-2.22e-16,0.908212241,0.037565483,-0.020333982,,,,,,,,,,,
qb_2774--81/81_303935.txt#0_0,2.0,2.0,-2.22e-16,0.83236526,0.099161656,-0.096180963,,,,,,,,,,,
bb_1997--80/80_876537.txt#0_1,0.0,0.5,0.0,2.145143405,0.017509008,-0.006329853,,,,,,,,,,,
bb_1997--80/80_876537.txt#0_1,0.0,1.0,0.0,2.119865638,0.033689125,-0.03160762,,,,,,,,,,,
bb_1997--80/80_876537.txt#0_1,0.0,2.0,0.0,2.030081816,0.068744348,-0.121391441,,,,,,,,,,,
bb_1997--80/80_876537.txt#0_1,0.5,0.5,0.0,2.144277928,0.01793149,-0.00719533,,,,,,,,,,,
bb_1997--80/80_876537.txt#0_1,0.5,1.0,0.0,2.120470804,0.034628322,-0.031002454,,,,,,,,,,,
bb_1997--80/80_876537.txt#0_1,0.5,2.0,0.0,2.028030722,0.069306644,-0.123442536,,,,,,,,,,,
bb_1997--80/80_876537.txt#0_1,1.0,0.5,0.0,2.144346424,0.018305359,-0.007126834,,,,,,,,,,,
bb_1997--80/80_876537.txt#0_1,1.0,1.0,0.0,2.120750095,0.036678203,-0.030723163,,,,,,,,,,,
bb_1997--80/80_876537.txt#0_1,1.0,2.0,0.0,2.033343755,0.07363171,-0.118129502,,,,,,,,,,,
bb_1997--80/80_876537.txt#0_1,2.0,0.5,0.0,2.142558602,0.01750063,-0.008914656,,,,,,,,,,,
bb_1997--80/80_876537.txt#0_1,2.0,1.0,0.0,2.117064639,0.037591766,-0.034408619,,,,,,,,,,,
bb_1997--80/80_876537.txt#0_1,2.0,2.0,0.0,2.026319266,0.080702834,-0.125153992,,,,,,,,,,,
bt_1811--193/193_2452704.txt#0_1,0.0,0.5,0.0,2.03399261,0.036094128,-0.016089645,,,,,,,,,,,
bt_1811--193/193_2452704.txt#0_1,0.0,1.0,0.0,1.986984013,0.072528569,-0.063098243,,,,,,,,,,,
bt_1811--193/193_2452704.txt#0_1,0.0,2.0,0.0,1.803599995,0.181572114,-0.24648226,,,,,,,,,,,
bt_1811--193/193_2452704.txt#0_1,0.5,0.5,0.0,2.038978345,0.027426361,-0.01110391,,,,,,,,,,,
bt_1811--193/193_2452704.txt#0_1,0.5,1.0,0.0,1.997818634,0.0556028,-0.052263621,,,,,,,,,,,
bt_1811--193/193_2452704.txt#0_1,0.5,2.0,0.0,1.804668768,0.149871893,-0.245413487,,,,,,,,,,,
bt_1811--193/193_2452704.txt#0_1,1.0,0.5,0.0,2.029996278,0.032947036,-0.020085977,,,,,,,,,,,
bt_1811--193/193_2452704.txt#0_1,1.0,1.0,0.0,1.977621063,0.070581093,-0.072461192,,,,,,,,,,,
bt_1811--193/193_2452704.txt#0_1,1.0,2.0,0.0,1.782646056,0.155357259,-0.267436199,,,,,,,,,,,
bt_1811--193/193_2452704.txt#0_1,2.0,0.5,0.0,2.044565026,0.035788346,-0.005517229,,,,,,,,,,,
bt_1811--193/193_2452704.txt#0_1,2.0,1.0,0.0,2.004271288,0.070530667,-0.045810967,,,,,,,,,,,
bt_1811--193/193_2452704.txt#0_1,2.0,2.0,0.0,1.787374629,0.169027759,-0.262707626,,,,,,,,,,,
sfq_5662--54/54_415167.txt#0_2,0.0,0.5,0.0,0.945001945,0.042760767,0.01098361,,,,,,,,,,,
sfq_5662--54/54_415167.txt#0_2,0.0,1.0,0.0,0.964160532,0.081919022,0.030142196,,,,,,,,,,,
sfq_5662--54/54_415167.txt#0_2,0.0,2.0,0.0,0.999544862,0.139828241,0.065526526,,,,,,,,,,,
sfq_5662--54/54_415167.txt#0_2,0.5,0.5,0.0,0.949508645,0.042129415,0.015490309,,,,,,,,,,,
sfq_5662--54/54_415167.txt#0_2,0.5,1.0,0.0,0.969843275,0.086282918,0.035824939,,,,,,,,,,,
sfq_5662--54/54_415167.txt#0_2,0.5,2.0,0.0,0.987147689,0.170462644,0.053129353,,,,,,,,,,,
sfq_5662--54/54_415167.txt#0_2,1.0,0.5,0.0,0.93863562,0.04929324,0.004617285,,,,,,,,,,,
sfq_5662--54/54_415167.txt#0_2,1.0,1.0,0.0,0.953562244,0.09425056,0.019543908,,,,,,,,,,,
sfq_5662--54/54_415167.txt#0_2,1.0,2.0,0.0,0.972761553,0.154060774,0.038743218,,,,,,,,,,,
sfq_5662--54/54_415167.txt#0_2,2.0,0.5,0.0,0.947343886,0.04290052,0.01332555,,,,,,,,,,,
sfq_5662--54/54_415167.txt#0_2,2.0,1.0,0.0,0.972411025,0.088288722,0.03839269,,,,,,,,,,,
sfq_5662--54/54_415167.txt#0_2,2.0,2.0,0.0,1.006261906,0.154855609,0.07224357,,,,,,,,,,,
odql_4122--97/97_2155160.txt#0_1,0.0,0.5,0.0,1.193542927,0.069282844,-0.015159353,,,,,,,,,,,
odql_4122--97/97_2155160.txt#0_1,0.0,1.0,0.0,1.162798946,0.134930924,-0.045903334,,,,,,,,,,,
odql_4122--97/97_2155160.txt#0_1,0.0,2.0,0.0,1.045593557,0.243164635,-0.163108724,,,,,,,,,,,
odql_4122--97/97_2155160.txt#0_1,0.5,0.5,0.0,1.190484907,0.061372153,-0.018217373,,,,,,,,,,,
odql_4122--97/97_2155160.txt#0_1,0.5,1.0,0.0,1.147410694,0.121197571,-0.061291586,,,,,,,,,,,
odql_4122--97/97_2155160.txt#0_1,0.5,2.0,0.0,1.008999838,0.237712054,-0.199702442,,,,,,,,,,,
odql_4122--97/97_2155160.txt#0_1,1.0,0.5,0.0,1.202263421,0.058396523,-0.00643886,,,,,,,,,,,
odql_4122--97/97_2155160.txt#0_1,1.0,1.0,0.0,1.1584287,0.109209458,-0.050273581,,,,,,,,,,,
odql_4122--97/97_2155160.txt#0_1,1.0,2.0,0.0,0.985918926,0.188921457,-0.222783354,,,,,,,,,,,
odql_4122--97/97_2155160.txt#0_1,2.0,0.5,0.0,1.192271521,0.06465194,-0.016430759,,,,,,,,,,,
odql_4122--97/97_2155160.txt#0_1,2.0,1.0,0.0,1.154969878,0.125623863,-0.053732403,,,,,,,,,,,
odql_4122--97/97_2155160.txt#0_1,2.0,2.0,0.0,1.008223956,0.246073519,-0.200478325,,,,,,,,,,,
sfq_16378--17/17_461209.txt#0_0,0.0,0.5,0.0,0.89450652,0.013438567,-0.001875464,,,,,,,,,,,
sfq_16378--17/17_461209.txt#0_0,0.0,1.0,0.0,0.888928568,0.026467996,-0.007453415,,,,,,,,,,,
sfq_16378--17/17_461209.txt#0_0,0.0,2.0,0.0,0.85550291,0.059535349,-0.040879073,,,,,,,,,,,
sfq_16378--17/17_461209.txt#0_0,0.5,0.5,0.0,0.897201234,0.012016428,0.000819251,,,,,,,,,,,
sfq_16378--17/17_461209.txt#0_0,0.5,1.0,0.0,0.891904131,0.025869781,-0.004477853,,,,,,,,,,,
sfq_16378--17/17_461209.txt#0_0,0.5,2.0,0.0,0.858005794,0.062654789,-0.038376189,,,,,,,,,,,
sfq_16378--17/17_461209.txt#0_0,1.0,0.5,0.0,0.893900684,0.012891646,-0.002481299,,,,,,,,,,,
sfq_16378--17/17_461209.txt#0_0,1.0,1.0,0.0,0.886555078,0.026211882,-0.009826905,,,,,,,,,,,
sfq_16378--17/17_461209.txt#0_0,1.0,2.0,0.0,0.849381148,0.061702312,-0.047000835,,,,,,,,,,,
sfq_16378--17/17_461209.txt#0_0,2.0,0.5,0.0,0.894778507,0.012354734,-0.001603476,,,,,,,,,,,
sfq_16378--17/17_461209.txt#0_0,2.0,1.0,0.0,0.886741822,0.026616293,-0.009640161,,,,,,,,,,,
sfq_16378--17/17_461209.txt#0_0,2.0,2.0,0.0,0.854475311,0.055103274,-0.041906672,,,,,,,,,,,
qz_4241--129/129_203139.txt#0_0,0.0,0.5,0.0,1.947192349,0.052185179,-0.023820698,,,,,,,,,,,
qz_4241--129/129_203139.txt#0_0,0.0,1.0,0.0,1.87772348,0.10387217,-0.093289567,,,,,,,,,,,
qz_4241--129/129_203139.txt#0_0,0.0,2.0,0.0,1.632586568,0.220440542,-0.338426479,,,,,,,,,,,
qz_4241--129/129_203139.txt#0_0,0.5,0.5,0.0,1.944152762,0.048143381,-0.026860285,,,,,,,,,,,
qz_4241--129/129_203139.txt#0_0,0.5,1.0,0.0,1.879139598,0.100626886,-0.091873449,,,,,,,,,,,
qz_4241--129/129_203139.txt#0_0,0.5,2.0,0.0,1.621934723,0.243299442,-0.349078324,,,,,,,,,,,
qz_4241--129/129_203139.txt#0_0,1.0,0.5,0.0,1.953405474,0.046341245,-0.017607573,,,,,,,,,,,
qz_4241--129/129_203139.txt#0_0,1.0,1.0,0.0,1.885777764,0.096965065,-0.085235283,,,,,,,,,,,
qz_4241--129/129_203139.txt#0_0,1.0,2.0,0.0,1.610631234,0.223581477,-0.360381813,,,,,,,,,,,
qz_4241--129/129_203139.txt#0_0,2.0,0.5,0.0,1.954448128,0.042572173,-0.016564919,,,,,,,,,,,
qz_4241--129/129_203139.txt#0_0,2.0,1.0,0.0,1.89836215,0.083757187,-0.072650897,,,,,,,,,,,
qz_4241--129/129_203139.txt#0_0,2.0,2.0,0.0,1.667335031,0.203427219,-0.303678016,,,,,,,,,,,
sfq_9677--35/35_1731921.txt#0_0,0.0,0.5,0.0,0.01212621,0.00419025,0.000972283,,,,,,,,,,,
sfq_9677--35/35_1731921.txt#0_0,0.0,1.0,0.0,0.014002522,0.00960862,0.002848595,,,,,,,,,,,
sfq_9677--35/35_1731921.txt#0_0,0.0,2.0,0.0,0.015949231,0.021099699,0.004795304,,,,,,,,,,,
sfq_9677--35/35_1731921.txt#0_0,0.5,0.5,0.0,0.01193792,0.004683973,0.000783993,,,,,,,,,,,
sfq_9677--35/35_1731921.txt#0_0,0.5,1.0,0.0,0.014024638,0.010245826,0.002870711,,,,,,,,,,,
sfq_9677--35/35_1731921.txt#0_0,0.5,2.0,0.0,0.01845135,0.025223683,0.007297422,,,,,,,,,,,
sfq_9677--35/35_1731921.txt#0_0,1.0,0.5,0.0,0.012335171,0.005343755,0.001181244,,,,,,,,,,,
sfq_9677--35/35_1731921.txt#0_0,1.0,1.0,0.0,0.015253495,0.012651504,0.004099568,,,,,,,,,,,
sfq_9677--35/35_1731921.txt#0_0,1.0,2.0,0.0,0.024080009,0.041480888,0.012926082,,,,,,,,,,,
sfq_9677--35/35_1731921.txt#0_0,2.0,0.5,0.0,0.011315537,0.004686176,0.00016161,,,,,,,,,,,
sfq_9677--35/35_1731921.txt#0_0,2.0,1.0,0.0,0.013076803,0.011883742,0.001922876,,,,,,,,,,,
sfq_9677--35/35_1731921.txt#0_0,2.0,2.0,0.0,0.02066817,0.034371477,0.009514243,,,,,,,,,,,
sfq_11145--8/8_2764204.txt#0_0,0.0,0.5,0.0,1.786829994,0.032232872,-0.011677686,,,,,,,,,,,
sfq_11145--8/8_2764204.txt#0_0,0.0,1.0,0.0,1.741573158,0.06936894,-0.056934523,,,,,,,,,,,
sfq_11145--8/8_2764204.txt#0_0,0.0,2.0,0.0,1.546194722,0.157299732,-0.252312958,,,,,,,,,,,
sfq_11145--8/8_2764204.txt#0_0,0.5,0.5,0.0,1.782379966,0.030571916,-0.016127714,,,,,,,,,,,
sfq_11145--8/8_2764204.txt#0_0,0.5,1.0,0.0,1.737260711,0.06801807,-0.06124697,,,,,,,,,,,
sfq_11145--8/8_2764204.txt#0_0,0.5,2.0,0.0,1.549986082,0.163522085,-0.248521599,,,,,,,,,,,
sfq_11145--8/8_2764204.txt#0_0,1.0,0.5,0.0,1.784866164,0.030273041,-0.013641516,,,,,,,,,,,
sfq_11145--8/8_2764204.txt#0_0,1.0,1.0,0.0,1.743568264,0.064291043,-0.054939417,,,,,,,,,,,
sfq_11145--8/8_2764204.txt#0_0,1.0,2.0,0.0,1.565920613,0.149978212,-0.232587068,,,,,,,,,,,
sfq_11145--8/8_2764204.txt#0_0,2.0,0.5,0.0,1.787512195,0.029702896,-0.010995486,,,,,,,,,,,
sfq_11145--8/8_2764204.txt#0_0,2.0,1.0,0.0,1.74387532,0.067255053,-0.054632361,,,,,,,,,,,
sfq_11145--8/8_2764204.txt#0_0,2.0,2.0,0.0,1.558383912,0.159058325,-0.240123769,,,,,,,,,,,
sfq_13406--148/148_983957.txt#0_0,0.0,0.5,0.0,1.757206856,0.047515858,-0.00760604,,,,,,,,,,,
sfq_13406--148/148_983957.txt#0_0,0.0,1.0,0.0,1.736748296,0.091292357,-0.0280646,,,,,,,,,,,
sfq_13406--148/148_983957.txt#0_0,0.0,2.0,0.0,1.639489497,0.175570827,-0.125323399,,,,,,,,,,,
sfq_13406--148/148_983957.txt#0_0,0.5,0.5,0.0,1.758745598,0.049245464,-0.006067298,,,,,,,,,,,
sfq_13406--148/148_983957.txt#0_0,0.5,1.0,0.0,1.740080386,0.098081916,-0.02473251,,,,,,,,,,,
sfq_13406--148/148_983957.txt#0_0,0.5,2.0,0.0,1.645435113,0.20208328,-0.119377783,,,,,,,,,,,
sfq_13406--148/148_983957.txt#0_0,1.0,0.5,0.0,1.755524762,0.045557096,-0.009288135,,,,,,,,,,,
sfq_13406--148/148_983957.txt#0_0,1.0,1.0,0.0,1.733027136,0.088460569,-0.03178576,,,,,,,,,,,
sfq_13406--148/148_983957.txt#0_0,1.0,2.0,0.0,1.655007495,0.186885119,-0.109805401,,,,,,,,,,,
sfq_13406--148/148_983957.txt#0_0,2.0,0.5,0.0,1.751016267,0.050530584,-0.013796629,,,,,,,,,,,
sfq_13406--148/148_983957.txt#0_0,2.0,1.0,0.0,1.717653885,0.097654927,-0.047159011,,,,,,,,,,,
sfq_13406--148/148_983957.txt#0_0,2.0,2.0,0.0,1.61496423,0.185455034,-0.149848666,,,,,,,,,,,
sfq_2528--156/156_1523996.txt#0_1,0.0,0.5,1.11e-16,0.194829565,0.048194316,-0.001525169,,,,,,,,,,,
sfq_2528--156/156_1523996.txt#0_1,0.0,1.0,1.11e-16,0.19692916,0.088848806,0.000574425,,,,,,,,,,,
sfq_2528--156/156_1523996.txt#0_1,0.0,2.0,1.11e-16,0.1980188,0.135566476,0.001664065,,,,,,,,,,,
sfq_2528--156/156_1523996.txt#0_1,0.5,0.5,1.11e-16,0.199853095,0.03845347,0.00349836,,,,,,,,,,,
sfq_2528--156/156_1523996.txt#0_1,0.5,1.0,1.11e-16,0.205008918,0.076113434,0.008654183,,,,,,,,,,,
sfq_2528--156/156_1523996.txt#0_1,0.5,2.0,1.11e-16,0.217905933,0.131481808,0.021551198,,,,,,,,,,,
sfq_2528--156/156_1523996.txt#0_1,1.0,0.5,1.11e-16,0.19815395,0.040938978,0.001799215,,,,,,,,,,,
sfq_2528--156/156_1523996.txt#0_1,1.0,1.0,1.11e-16,0.201950841,0.076732248,0.005596107,,,,,,,,,,,
sfq_2528--156/156_1523996.txt#0_1,1.0,2.0,1.11e-16,0.219429306,0.127739716,0.023074571,,,,,,,,,,,
sfq_2528--156/156_1523996.txt#0_1,2.0,0.5,1.11e-16,0.199574675,0.04020383,0.00321994,,,,,,,,,,,
sfq_2528--156/156_1523996.txt#0_1,2.0,1.0,1.11e-16,0.206010582,0.075992667,0.009655847,,,,,,,,,,,
sfq_2528--156/156_1523996.txt#0_1,2.0,2.0,1.11e-16,0.211154739,0.135966088,0.014800005,,,,,,,,,,,
qf_2575--20/20_3214656.txt#0_0,0.0,0.5,1.11e-16,0.458368286,0.056719794,-0.001236361,,,,,,,,,,,
qf_2575--20/20_3214656.txt#0_0,0.0,1.0,1.11e-16,0.444534894,0.108947832,-0.015069753,,,,,,,,,,,
qf_2575--20/20_3214656.txt#0_0,0.0,2.0,1.11e-16,0.378854686,0.185125531,-0.080749961,,,,,,,,,,,
qf_2575--20/20_3214656.txt#0_0,0.5,0.5,1.11e-16,0.456180972,0.0526232,-0.003423675,,,,,,,,,,,
qf_2575--20/20_3214656.txt#0_0,0.5,1.0,1.11e-16,0.443742139,0.10054407,-0.015862508,,,,,,,,,,,
qf_2575--20/20_3214656.txt#0_0,0.5,2.0,1.11e-16,0.368603101,0.168349718,-0.091001546,,,,,,,,,,,
qf_2575--20/20_3214656.txt#0_0,1.0,0.5,1.11e-16,0.452712927,0.050612137,-0.00689172,,,,,,,,,,,
qf_2575--20/20_3214656.txt#0_0,1.0,1.0,1.11e-16,0.437706274,0.097367832,-0.021898372,,,,,,,,,,,
qf_2575--20/20_3214656.txt#0_0,1.0,2.0,1.11e-16,0.382137806,0.186150381,-0.07746684,,,,,,,,,,,
qf_2575--20/20_3214656.txt#0_0,2.0,0.5,1.11e-16,0.462640759,0.062166609,0.003036112,,,,,,,,,,,
qf_2575--20/20_3214656.txt#0_0,2.0,1.0,1.11e-16,0.455580088,0.121444325,-0.004024558,,,,,,,,,,,
qf_2575--20/20_3214656.txt#0_0,2.0,2.0,1.11e-16,0.396329688,0.207088723,-0.063274958,,,,,,,,,,,
qf_478--194/194_393733.txt#0_1,0.0,0.5,2.22e-16,-1.22e-17,1.87e-16,2.1e-16,,,,,,,,,,,
qf_478--194/194_393733.txt#0_1,0.0,1.0,2.22e-16,-2.66e-17,1.71e-16,1.95e-16,,,,,,,,,,,
qf_478--194/194_393733.txt#0_1,0.0,2.0,2.22e-16,-2.11e-17,1.54e-16,2.01e-16,,,,,,,,,,,
qf_478--194/194_393733.txt#0_1,0.5,0.5,2.22e-16,-1.78e-17,1.48e-16,2.04e-16,,,,,,,,,,,
qf_478--194/194_393733.txt#0_1,0.5,1.0,2.22e-16,-4.88e-17,1.88e-16,1.73e-16,,,,,,,,,,,
qf_478--194/194_393733.txt#0_1,0.5,2.0,2.22e-16,-5.77e-17,1.47e-16,1.64e-16,,,,,,,,,,,
qf_478--194/194_393733.txt#0_1,1.0,0.5,2.22e-16,-2e-17,1.89e-16,2.02e-16,,,,,,,,,,,
qf_478--194/194_393733.txt#0_1,1.0,1.0,2.22e-16,-5e-17,1.77e-16,1.72e-16,,,,,,,,,,,
qf_478--194/194_393733.txt#0_1,1.0,2.0,2.22e-16,-7.22e-17,1.45e-16,1.5e-16,,,,,,,,,,,
qf_478--194/194_393733.txt#0_1,2.0,0.5,2.22e-16,7.77e-18,1.69e-16,2.3e-16,,,,,,,,,,,
qf_478--194/194_393733.txt#0_1,2.0,1.0,2.22e-16,-7.44e-17,1.78e-16,1.48e-16,,,,,,,,,,,
qf_478--194/194_393733.txt#0_1,2.0,2.0,2.22e-16,-5.77e-17,1.54e-16,1.64e-16,,,,,,,,,,,
qf_3745--59/59_2512300.txt#0_2,0.0,0.5,2.22e-16,1.682584055,0.056768967,-0.005475965,,,,,,,,,,,
qf_3745--59/59_2512300.txt#0_2,0.0,1.0,2.22e-16,1.649676887,0.114789004,-0.038383134,,,,,,,,,,,
qf_3745--59/59_2512300.txt#0_2,0.0,2.0,2.22e-16,1.509017408,0.243345414,-0.179042612,,,,,,,,,,,
qf_3745--59/59_2512300.txt#0_2,0.5,0.5,2.22e-16,1.674136711,0.056634354,-0.01392331,,,,,,,,,,,
qf_3745--59/59_2512300.txt#0_2,0.5,1.0,2.22e-16,1.633937297,0.112157853,-0.054122724,,,,,,,,,,,
qf_3745--59/59_2512300.txt#0_2,0.5,2.0,2.22e-16,1.48361839,0.221905883,-0.204441631,,,,,,,,,,,
qf_3745--59/59_2512300.txt#0_2,1.0,0.5,2.22e-16,1.672663987,0.053277651,-0.015396033,,,,,,,,,,,
qf_3745--59/59_2512300.txt#0_2,1.0,1.0,2.22e-16,1.637164335,0.105280921,-0.050895686,,,,,,,,,,,
qf_3745--59/59_2512300.txt#0_2,1.0,2.0,2.22e-16,1.515414602,0.196051345,-0.172645418,,,,,,,,,,,
qf_3745--59/59_2512300.txt#0_2,2.0,0.5,2.22e-16,1.675776381,0.050046566,-0.01228364,,,,,,,,,,,
qf_3745--59/59_2512300.txt#0_2,2.0,1.0,2.22e-16,1.647210844,0.104873461,-0.040849177,,,,,,,,,,,
qf_3745--59/59_2512300.txt#0_2,2.0,2.0,2.22e-16,1.516099718,0.219017417,-0.171960302,,,,,,,,,,,
qf_1492--14/14_2475412.txt#0_0,0.0,0.5,2.22e-16,1.201967263,0.046135584,-0.005492944,,,,,,,,,,,
qf_1492--14/14_2475412.txt#0_0,0.0,1.0,2.22e-16,1.194994158,0.09130113,-0.012466048,,,,,,,,,,,
qf_1492--14/14_2475412.txt#0_0,0.0,2.0,2.22e-16,1.141376442,0.198482013,-0.066083764,,,,,,,,,,,
qf_1492--14/14_2475412.txt#0_0,0.5,0.5,2.22e-16,1.208778525,0.044449687,0.001318318,,,,,,,,,,,
qf_1492--14/14_2475412.txt#0_0,0.5,1.0,2.22e-16,1.204278886,0.089789677,-0.00318132,,,,,,,,,,,
qf_1492--14/14_2475412.txt#0_0,0.5,2.0,2.22e-16,1.172985914,0.183600666,-0.034474292,,,,,,,,,,,
qf_1492--14/14_2475412.txt#0_0,1.0,0.5,2.22e-16,1.201139624,0.042739221,-0.006320582,,,,,,,,,,,
qf_1492--14/14_2475412.txt#0_0,1.0,1.0,2.22e-16,1.190920424,0.088095712,-0.016539782,,,,,,,,,,,
qf_1492--14/14_2475412.txt#0_0,1.0,2.0,2.22e-16,1.140308848,0.196524559,-0.067151358,,,,,,,,,,,
qf_1492--14/14_2475412.txt#0_0,2.0,0.5,2.22e-16,1.210707132,0.042148869,0.003246926,,,,,,,,,,,
qf_1492--14/14_2475412.txt#0_0,2.0,1.0,2.22e-16,1.207710472,0.088247694,0.000250266,,,,,,,,,,,
qf_1492--14/14_2475412.txt#0_0,2.0,2.0,2.22e-16,1.147638337,0.186375565,-0.05982187,,,,,,,,,,,
jp_1391--61/61_1385217.txt#0_1,0.0,0.5,2.22e-16,1.501142215,0.039674607,-0.008306488,,,,,,,,,,,
jp_1391--61/61_1385217.txt#0_1,0.0,1.0,2.22e-16,1.495312419,0.08061668,-0.014136283,,,,,,,,,,,
jp_1391--61/61_1385217.txt#0_1,0.0,2.0,2.22e-16,1.468681373,0.156203343,-0.040767329,,,,,,,,,,,
jp_1391--61/61_1385217.txt#0_1,0.5,0.5,2.22e-16,1.514283496,0.039406587,0.004834794,,,,,,,,,,,
jp_1391--61/61_1385217.txt#0_1,0.5,1.0,2.22e-16,1.519798488,0.079310838,0.010349786,,,,,,,,,,,
jp_1391--61/61_1385217.txt#0_1,0.5,2.0,2.22e-16,1.497568797,0.152294064,-0.011879906,,,,,,,,,,,
jp_1391--61/61_1385217.txt#0_1,1.0,0.5,2.22e-16,1.505596877,0.042481071,-0.003851825,,,,,,,,,,,
jp_1391--61/61_1385217.txt#0_1,1.0,1.0,2.22e-16,1.496504861,0.081168481,-0.012943841,,,,,,,,,,,
jp_1391--61/61_1385217.txt#0_1,1.0,2.0,2.22e-16,1.470356387,0.150663059,-0.039092315,,,,,,,,,,,
jp_1391--61/61_1385217.txt#0_1,2.0,0.5,2.22e-16,1.507105722,0.04088629,-0.002342981,,,,,,,,,,,
jp_1391--61/61_1385217.txt#0_1,2.0,1.0,2.22e-16,1.497895618,0.081345045,-0.011553084,,,,,,,,,,,
jp_1391--61/61_1385217.txt#0_1,2.0,2.0,2.22e-16,1.468534459,0.158321831,-0.040914243,,,,,,,,,,,
qz_2787--60/60_167773.txt#0_2,0.0,0.5,2.22e-16,1.882497955,0.038716582,-0.003295174,,,,,,,,,,,
qz_2787--60/60_167773.txt#0_2,0.0,1.0,2.22e-16,1.862983261,0.082969694,-0.022809868,,,,,,,,,,,
qz_2787--60/60_167773.txt#0_2,0.0,2.0,2.22e-16,1.703016266,0.185484387,-0.182776863,,,,,,,,,,,
qz_2787--60/60_167773.txt#0_2,0.5,0.5,2.22e-16,1.882619304,0.034095405,-0.003173825,,,,,,,,,,,
qz_2787--60/60_167773.txt#0_2,0.5,1.0,2.22e-16,1.866135025,0.073723467,-0.019658104,,,,,,,,,,,
qz_2787--60/60_167773.txt#0_2,0.5,2.0,2.22e-16,1.726710741,0.173543283,-0.159082388,,,,,,,,,,,
qz_2787--60/60_167773.txt#0_2,1.0,0.5,2.22e-16,1.887006421,0.037397333,0.001213292,,,,,,,,,,,
qz_2787--60/60_167773.txt#0_2,1.0,1.0,2.22e-16,1.878187632,0.08298659,-0.007605497,,,,,,,,,,,
qz_2787--60/60_167773.txt#0_2,1.0,2.0,2.22e-16,1.743098143,0.160869206,-0.142694986,,,,,,,,,,,
qz_2787--60/60_167773.txt#0_2,2.0,0.5,2.22e-16,1.880191428,0.035071547,-0.005601701,,,,,,,,,,,
qz_2787--60/60_167773.txt#0_2,2.0,1.0,2.22e-16,1.861458844,0.074279246,-0.024334285,,,,,,,,,,,
qz_2787--60/60_167773.txt#0_2,2.0,2.0,2.22e-16,1.707322116,0.167547659,-0.178471013,,,,,,,,,,,
qw_9299--131/131_1223632.txt#0_1,0.0,0.5,2.22e-16,0.186866949,0.019876251,-0.012114415,,,,,,,,,,,
qw_9299--131/131_1223632.txt#0_1,0.0,1.0,2.22e-16,0.167777712,0.035812532,-0.031203652,,,,,,,,,,,
qw_9299--131/131_1223632.txt#0_1,0.0,2.0,2.22e-16,0.117567028,0.050545318,-0.081414337,,,,,,,,,,,
qw_9299--131/131_1223632.txt#0_1,0.5,0.5,2.22e-16,0.193678021,0.021686995,-0.005303344,,,,,,,,,,,
qw_9299--131/131_1223632.txt#0_1,0.5,1.0,2.22e-16,0.178782663,0.040407529,-0.020198701,,,,,,,,,,,
qw_9299--131/131_1223632.txt#0_1,0.5,2.0,2.22e-16,0.131827108,0.060607202,-0.067154256,,,,,,,,,,,
qw_9299--131/131_1223632.txt#0_1,1.0,0.5,2.22e-16,0.195570028,0.022133258,-0.003411336,,,,,,,,,,,
qw_9299--131/131_1223632.txt#0_1,1.0,1.0,2.22e-16,0.183106741,0.039311534,-0.015874623,,,,,,,,,,,
qw_9299--131/131_1223632.txt#0_1,1.0,2.0,2.22e-16,0.132132992,0.055246637,-0.066848372,,,,,,,,,,,
qw_9299--131/131_1223632.txt#0_1,2.0,0.5,2.22e-16,0.199029978,0.023451695,4.86135e-05,,,,,,,,,,,
qw_9299--131/131_1223632.txt#0_1,2.0,1.0,2.22e-16,0.18642483,0.041644157,-0.012556534,,,,,,,,,,,
qw_9299--131/131_1223632.txt#0_1,2.0,2.0,2.22e-16,0.137723103,0.059434566,-0.061258261,,,,,,,,,,,
bb_6957--37/37_265768.txt#0_0,0.0,0.5,2.22e-16,0.489968735,0.031791532,-0.00740751,,,,,,,,,,,
bb_6957--37/37_265768.txt#0_0,0.0,1.0,2.22e-16,0.484932086,0.064305229,-0.012444158,,,,,,,,,,,
bb_6957--37/37_265768.txt#0_0,0.0,2.0,2.22e-16,0.454829304,0.130848651,-0.042546941,,,,,,,,,,,
bb_6957--37/37_265768.txt#0_0,0.5,0.5,2.22e-16,0.49128731,0.026880437,-0.006088935,,,,,,,,,,,
bb_6957--37/37_265768.txt#0_0,0.5,1.0,2.22e-16,0.481277118,0.055614965,-0.016099127,,,,,,,,,,,
bb_6957--37/37_265768.txt#0_0,0.5,2.0,2.22e-16,0.446152288,0.129014187,-0.051223956,,,,,,,,,,,
bb_6957--37/37_265768.txt#0_0,1.0,0.5,2.22e-16,0.493624346,0.028137246,-0.003751898,,,,,,,,,,,
bb_6957--37/37_265768.txt#0_0,1.0,1.0,2.22e-16,0.489535062,0.056246746,-0.007841183,,,,,,,,,,,
bb_6957--37/37_265768.txt#0_0,1.0,2.0,2.22e-16,0.46957106,0.111505486,-0.027805185,,,,,,,,,,,
bb_6957--37/37_265768.txt#0_0,2.0,0.5,2.22e-16,0.496389142,0.030503819,-0.000987103,,,,,,,,,,,
bb_6957--37/37_265768.txt#0_0,2.0,1.0,2.22e-16,0.493218056,0.058861075,-0.004158189,,,,,,,,,,,
bb_6957--37/37_265768.txt#0_0,2.0,2.0,2.22e-16,0.472240526,0.115830899,-0.025135719,,,,,,,,,,,
bt_1811--193/193_2452704.txt#0_2,0.0,0.5,2.22e-16,1.790607793,0.045383542,-0.029204094,,,,,,,,,,,
bt_1811--193/193_2452704.txt#0_2,0.0,1.0,2.22e-16,1.715609451,0.093856976,-0.104202436,,,,,,,,,,,
bt_1811--193/193_2452704.txt#0_2,0.0,2.0,2.22e-16,1.499087721,0.203088014,-0.320724166,,,,,,,,,,,
bt_1811--193/193_2452704.txt#0_2,0.5,0.5,2.22e-16,1.795415787,0.047020923,-0.0243961,,,,,,,,,,,
bt_1811--193/193_2452704.txt#0_2,0.5,1.0,2.22e-16,1.728007835,0.093543694,-0.091804052,,,,,,,,,,,
bt_1811--193/193_2452704.txt#0_2,0.5,2.0,2.22e-16,1.51138904,0.199184323,-0.308422847,,,,,,,,,,,
bt_1811--193/193_2452704.txt#0_2,1.0,0.5,2.22e-16,1.793011792,0.051005498,-0.026800095,,,,,,,,,,,
bt_1811--193/193_2452704.txt#0_2,1.0,1.0,2.22e-16,1.721757472,0.103216859,-0.098054415,,,,,,,,,,,
bt_1811--193/193_2452704.txt#0_2,1.0,2.0,2.22e-16,1.494653889,0.227567334,-0.325157998,,,,,,,,,,,
bt_1811--193/193_2452704.txt#0_2,2.0,0.5,2.22e-16,1.802095056,0.053769021,-0.017716831,,,,,,,,,,,
bt_1811--193/193_2452704.txt#0_2,2.0,1.0,2.22e-16,1.735788064,0.106872467,-0.084023823,,,,,,,,,,,
bt_1811--193/193_2452704.txt#0_2,2.0,2.0,2.22e-16,1.519820525,0.227974181,-0.299991362,,,,,,,,,,,
qg_3088--142/142_2565750.txt#0_1,0.0,0.5,2.22e-16,1.177317645,0.055035622,-0.014214176,,,,,,,,,,,
qg_3088--142/142_2565750.txt#0_1,0.0,1.0,2.22e-16,1.159716805,0.111214368,-0.031815015,,,,,,,,,,,
qg_3088--142/142_2565750.txt#0_1,0.0,2.0,2.22e-16,1.087837112,0.228224221,-0.103694709,,,,,,,,,,,
qg_3088--142/142_2565750.txt#0_1,0.5,0.5,2.22e-16,1.18353272,0.057102658,-0.007999101,,,,,,,,,,,
qg_3088--142/142_2565750.txt#0_1,0.5,1.0,2.22e-16,1.170346895,0.109220441,-0.021184926,,,,,,,,,,,
qg_3088--142/142_2565750.txt#0_1,0.5,2.0,2.22e-16,1.110782168,0.197328256,-0.080749653,,,,,,,,,,,
qg_3088--142/142_2565750.txt#0_1,1.0,0.5,2.22e-16,1.191820771,0.054097068,0.00028895,,,,,,,,,,,
qg_3088--142/142_2565750.txt#0_1,1.0,1.0,2.22e-16,1.194455567,0.102220101,0.002923746,,,,,,,,,,,
qg_3088--142/142_2565750.txt#0_1,1.0,2.0,2.22e-16,1.163100974,0.19067234,-0.028430847,,,,,,,,,,,
qg_3088--142/142_2565750.txt#0_1,2.0,0.5,2.22e-16,1.196119454,0.047310736,0.004587633,,,,,,,,,,,
qg_3088--142/142_2565750.txt#0_1,2.0,1.0,2.22e-16,1.201128719,0.095401222,0.009596898,,,,,,,,,,,
qg_3088--142/142_2565750.txt#0_1,2.0,2.0,2.22e-16,1.172647882,0.187065453,-0.018883939,,,,,,,,,,,
sfq_80--166/166_2439219.txt#0_0,0.0,0.5,2.22e-16,1.902139003,0.030832482,-0.013807895,,,,,,,,,,,
sfq_80--166/166_2439219.txt#0_0,0.0,1.0,2.22e-16,1.861723107,0.065941193,-0.054223791,,,,,,,,,,,
sfq_80--166/166_2439219.txt#0_0,0.0,2.0,2.22e-16,1.711113054,0.154998495,-0.204833843,,,,,,,,,,,
sfq_80--166/166_2439219.txt#0_0,0.5,0.5,2.22e-16,1.901997857,0.040598166,-0.013949041,,,,,,,,,,,
sfq_80--166/166_2439219.txt#0_0,0.5,1.0,2.22e-16,1.857527158,0.085289756,-0.05841974,,,,,,,,,,,
sfq_80--166/166_2439219.txt#0_0,0.5,2.0,2.22e-16,1.666647234,0.195829828,-0.249299664,,,,,,,,,,,
sfq_80--166/166_2439219.txt#0_0,1.0,0.5,2.22e-16,1.898997014,0.033788543,-0.016949884,,,,,,,,,,,
sfq_80--166/166_2439219.txt#0_0,1.0,1.0,2.22e-16,1.852156909,0.07215996,-0.063789989,,,,,,,,,,,
sfq_80--166/166_2439219.txt#0_0,1.0,2.0,2.22e-16,1.683165685,0.177601057,-0.232781213,,,,,,,,,,,
sfq_80--166/166_2439219.txt#0_0,2.0,0.5,2.22e-16,1.896054248,0.035979054,-0.01989265,,,,,,,,,,,
sfq_80--166/166_2439219.txt#0_0,2.0,1.0,2.22e-16,1.845666121,0.077305241,-0.070280777,,,,,,,,,,,
sfq_80--166/166_2439219.txt#0_0,2.0,2.0,2.22e-16,1.684403507,0.169352418,-0.231543391,,,,,,,,,,,
qb_9469--195/195_527460.txt#0_2,0.0,0.5,2.22e-16,1.624326193,0.048838588,-0.017857781,,,,,,,,,,,
qb_9469--195/195_527460.txt#0_2,0.0,1.0,2.22e-16,1.578385583,0.100901514,-0.063798391,,,,,,,,,,,
qb_9469--195/195_527460.txt#0_2,0.0,2.0,2.22e-16,1.421146231,0.2009171,-0.221037744,,,,,,,,,,,
qb_9469--195/195_527460.txt#0_2,0.5,0.5,2.22e-16,1.622248645,0.051640028,-0.019935329,,,,,,,,,,,
qb_9469--195/195_527460.txt#0_2,0.5,1.0,2.22e-16,1.577899493,0.105063833,-0.064284481,,,,,,,,,,,
qb_9469--195/195_527460.txt#0_2,0.5,2.0,2.22e-16,1.416957773,0.187082082,-0.225226201,,,,,,,,,,,
qb_9469--195/195_527460.txt#0_2,1.0,0.5,2.22e-16,1.6199259,0.049504474,-0.022258074,,,,,,,,,,,
qb_9469--195/195_527460.txt#0_2,1.0,1.0,2.22e-16,1.575916206,0.099721521,-0.066267768,,,,,,,,,,,
qb_9469--195/195_527460.txt#0_2,1.0,2.0,2.22e-16,1.421039307,0.186922323,-0.221144667,,,,,,,,,,,
qb_9469--195/195_527460.txt#0_2,2.0,0.5,2.22e-16,1.628575729,0.047011112,-0.013608246,,,,,,,,,,,
qb_9469--195/195_527460.txt#0_2,2.0,1.0,2.22e-16,1.589984289,0.094088082,-0.052199686,,,,,,,,,,,
qb_9469--195/195_527460.txt#0_2,2.0,2.0,2.22e-16,1.454682956,0.178048599,-0.187501018,,,,,,,,,,,
jp_1414--178/178_269111.txt#0_1,0.0,0.5,2.22e-16,-9.33e-17,1.76e-16,1.29e-16,,,,,,,,,,,
jp_1414--178/178_269111.txt#0_1,0.0,1.0,2.22e-16,-6.33e-17,1.31e-16,1.59e-16,,,,,,,,,,,
jp_1414--178/178_269111.txt#0_1,0.0,2.0,2.22e-16,-5.11e-17,1.66e-16,1.71e-16,,,,,,,,,,,
jp_1414--178/178_269111.txt#0_1,0.5,0.5,2.22e-16,-7.22e-17,1.63e-16,1.5e-16,,,,,,,,,,,
jp_1414--178/178_269111.txt#0_1,0.5,1.0,2.22e-16,-8.22e-17,1.77e-16,1.4e-16,,,,,,,,,,,
jp_1414--178/178_269111.txt#0_1,0.5,2.0,2.22e-16,-3.77e-17,1.42e-16,1.84e-16,,,,,,,,,,,
jp_1414--178/178_269111.txt#0_1,1.0,0.5,2.22e-16,-9.55e-17,1.45e-16,1.27e-16,,,,,,,,,,,
jp_1414--178/178_269111.txt#0_1,1.0,1.0,2.22e-16,-6.99e-17,1.46e-16,1.52e-16,,,,,,,,,,,
jp_1414--178/178_269111.txt#0_1,1.0,2.0,2.22e-16,-3.89e-17,1.32e-16,1.83e-16,,,,,,,,,,,
jp_1414--178/178_269111.txt#0_1,2.0,0.5,2.22e-16,-8.77e-17,1.6e-16,1.34e-16,,,,,,,,,,,
jp_1414--178/178_269111.txt#0_1,2.0,1.0,2.22e-16,-6.55e-17,1.52e-16,1.57e-16,,,,,,,,,,,
jp_1414--178/178_269111.txt#0_1,2.0,2.0,2.22e-16,-7.11e-17,1.7e-16,1.51e-16,,,,,,,,,,,
qb_8182--60/60_558286.txt#0_0,0.0,0.5,3.33e-16,-3.11e-17,1.41e-16,4.13e-16,,,,,,,,,,,
qb_8182--60/60_558286.txt#0_0,0.0,1.0,3.33e-16,-5.55e-18,1.31e-16,4.39e-16,,,,,,,,,,,
qb_8182--60/60_558286.txt#0_0,0.0,2.0,3.33e-16,-3.77e-17,1.36e-16,4.06e-16,,,,,,,,,,,
qb_8182--60/60_558286.txt#0_0,0.5,0.5,3.33e-16,-6.88e-17,1.47e-16,3.75e-16,,,,,,,,,,,
qb_8182--60/60_558286.txt#0_0,0.5,1.0,3.33e-16,-4.11e-17,1.45e-16,4.03e-16,,,,,,,,,,,
qb_8182--60/60_558286.txt#0_0,0.5,2.0,3.33e-16,-7.77e-18,1.52e-16,4.36e-16,,,,,,,,,,,
qb_8182--60/60_558286.txt#0_0,1.0,0.5,3.33e-16,-3e-17,1.39e-16,4.14e-16,,,,,,,,,,,
qb_8182--60/60_558286.txt#0_0,1.0,1.0,3.33e-16,-2e-17,1.44e-16,4.24e-16,,,,,,,,,,,
qb_8182--60/60_558286.txt#0_0,1.0,2.0,3.33e-16,-2.22e-17,1.29e-16,4.22e-16,,,,,,,,,,,
qb_8182--60/60_558286.txt#0_0,2.0,0.5,3.33e-16,-5.77e-17,1.47e-16,3.86e-16,,,,,,,,,,,
qb_8182--60/60_558286.txt#0_0,2.0,1.0,3.33e-16,-3.11e-17,1.3e-16,4.13e-16,,,,,,,,,,,
qb_8182--60/60_558286.txt#0_0,2.0,2.0,3.33e-16,-4e-17,1.46e-16,4.04e-16,,,,,,,,,,,
qw_5549--67/67_1155062.txt#0_1,0.0,0.5,4.44e-16,0.649504178,0.057742501,0.003693244,,,,,,,,,,,
qw_5549--67/67_1155062.txt#0_1,0.0,1.0,4.44e-16,0.654941951,0.10901971,0.009131017,,,,,,,,,,,
qw_5549--67/67_1155062.txt#0_1,0.0,2.0,4.44e-16,0.627336981,0.202230538,-0.018473953,,,,,,,,,,,
qw_5549--67/67_1155062.txt#0_1,0.5,0.5,4.44e-16,0.654202919,0.056400826,0.008391985,,,,,,,,,,,
qw_5549--67/67_1155062.txt#0_1,0.5,1.0,4.44e-16,0.664246697,0.102903418,0.018435763,,,,,,,,,,,
qw_5549--67/67_1155062.txt#0_1,0.5,2.0,4.44e-16,0.644708402,0.183161636,-0.001102532,,,,,,,,,,,
qw_5549--67/67_1155062.txt#0_1,1.0,0.5,4.44e-16,0.652122362,0.051444644,0.006311428,,,,,,,,,,,
qw_5549--67/67_1155062.txt#0_1,1.0,1.0,4.44e-16,0.650006794,0.094346911,0.00419586,,,,,,,,,,,
qw_5549--67/67_1155062.txt#0_1,1.0,2.0,4.44e-16,0.615864869,0.16269641,-0.029946065,,,,,,,,,,,
qw_5549--67/67_1155062.txt#0_1,2.0,0.5,4.44e-16,0.658340809,0.051353914,0.012529875,,,,,,,,,,,
qw_5549--67/67_1155062.txt#0_1,2.0,1.0,4.44e-16,0.67249489,0.098002188,0.026683956,,,,,,,,,,,
qw_5549--67/67_1155062.txt#0_1,2.0,2.0,4.44e-16,0.659027878,0.175361521,0.013216944,,,,,,,,,,,
